"","document","term","count","flag"
"1","IR1","frozen",1,1
"2","IR1","lane",1,1
"3","IR1","loading",1,1
"4","IR1","r10",1,1
"5","IR1","screen",1,1
"6","IR1","stuck",1,1
"7","IR2","cash",1,1
"8","IR2","register",1,1
"9","IR2","working",1,1
"10","IR3","lane",2,1
"11","IR3","thingerjig",1,1
"12","IR3","won",1,1
"13","IR4","apple",1,1
"14","IR4","pay",1,1
"15","IR4","working",1,1
"16","IR5","accept",1,1
"17","IR5","apple",1,1
"18","IR5","card",1,1
"19","IR5","credit",1,1
"20","IR5","pay",1,1
"21","IR5","register",1,1
"22","IR5","won",1,1
"23","IR6","coupon",1,1
"24","IR6","freezing",1,1
"25","IR6","keeps",1,1
"26","IR6","lane",1,1
"27","IR6","try",1,1
"28","IR6","use",1,1
"29","IR7","broken",1,1
"30","IR7","scale",1,1
"31","IR8","beauty",1,1
"32","IR8","dwell",1,1
"33","IR8","life",1,1
"34","IR8","running",1,1
"35","IR8","see",1,1
"36","IR8","stars",1,1
"37","IR8","watch",1,1
"38","IR9","events",1,1
"39","IR9","find",1,1
"40","IR9","mind",1,1
"41","IR9","outside",1,1
"42","IR9","power",1,1
"43","IR9","realize",1,1
"44","IR9","strength",1,1
"45","IR9","will",1,1
"46","IR10","depends",1,1
"47","IR10","happiness",1,1
"48","IR10","life",1,1
"49","IR10","quality",1,1
"50","IR10","thoughts",1,1
"51","IR10","upon",1,1
"52","IR11","everything",2,1
"53","IR11","fact",1,1
"54","IR11","hear",1,1
"55","IR11","opinion",1,1
"56","IR11","perspective",1,1
"57","IR11","see",1,1
"58","IR11","truth",1,1
"59","IR12","arguing",1,1
"60","IR12","good",1,1
"61","IR12","man",1,1
"62","IR12","one",1,1
"63","IR12","time",1,1
"64","IR12","waste",1,1
"65","IR13","alive",1,1
"66","IR13","arise",1,1
"67","IR13","enjoy",1,1
"68","IR13","love",1,1
"69","IR13","morning",1,1
"70","IR13","privilege",1,1
"71","IR13","think",2,1
"72","IR14","accept",1,1
"73","IR14","binds",1,1
"74","IR14","brings",1,1
"75","IR14","fate",2,1
"76","IR14","heart",1,1
"77","IR14","love",1,1
"78","IR14","people",1,1
"79","IR14","things",1,1
"80","IR14","together",1,1
"81","IR15","anything",1,1
"82","IR15","distressed",1,1
"83","IR15","due",1,1
"84","IR15","estimate",1,1
"85","IR15","external",1,1
"86","IR15","moment",1,1
"87","IR15","pain",1,1
"88","IR15","power",1,1
"89","IR15","revoke",1,1
"90","IR15","thing",1,1
"91","IR16","best",1,1
"92","IR16","injury",1,1
"93","IR16","performed",1,1
"94","IR16","revenge",1,1
"95","IR16","unlike",1,1
"96","IR17","beginning",1,1
"97","IR17","death",1,1
"98","IR17","fear",2,1
"99","IR17","live",1,1
"100","IR17","man",1,1
"101","IR17","never",1,1
"102","IR18","life",1,1
"103","IR18","make",1,1
"104","IR18","thoughts",1,1
"105","IR19","becomes",1,1
"106","IR19","colour",1,1
"107","IR19","dyed",1,1
"108","IR19","soul",1,1
"109","IR19","thoughts",1,1
"110","IR20","able",1,1
"111","IR20","change",1,1
"112","IR20","continues",1,1
"113","IR20","deception",1,1
"114","IR20","ever",1,1
"115","IR20","happily",1,1
"116","IR20","harmed",2,1
"117","IR20","ignorance",1,1
"118","IR20","one",1,1
"119","IR20","person",1,1
"120","IR20","right",1,1
"121","IR20","seek",1,1
"122","IR20","self",1,1
"123","IR20","show",1,1
"124","IR20","someone",1,1
"125","IR20","think",1,1
"126","IR20","truly",1,1
"127","IR20","truth",1,1
"128","IR20","will",1,1
"129","IR21","right",1,1
"130","IR21","say",1,1
"131","IR21","true",1,1
"132","IR22","arm",1,1
"133","IR22","disturb",1,1
"134","IR22","future",1,1
"135","IR22","let",1,1
"136","IR22","meet",1,1
"137","IR22","never",1,1
"138","IR22","present",1,1
"139","IR22","reason",1,1
"140","IR22","today",1,1
"141","IR22","weapons",1,1
"142","IR22","will",1,1
"143","IR23","happy",1,1
"144","IR23","life",1,1
"145","IR23","little",1,1
"146","IR23","make",1,1
"147","IR23","needed",1,1
"148","IR23","thinking",1,1
"149","IR23","way",1,1
"150","IR23","within",1,1
"151","IR24","escape",1,1
"152","IR24","finding",1,1
"153","IR24","insane",1,1
"154","IR24","life",1,1
"155","IR24","majority",1,1
"156","IR24","object",1,1
"157","IR24","oneself",1,1
"158","IR24","ranks",1,1
"159","IR24","side",1,1
"160","IR25","every",1,1
"161","IR25","less",1,1
"162","IR25","loves",1,1
"163","IR25","man",1,1
"164","IR25","men",1,1
"165","IR25","often",1,1
"166","IR25","opinion",2,1
"167","IR25","others",1,1
"168","IR25","rest",1,1
"169","IR25","sets",1,1
"170","IR25","value",1,1
"171","IR25","wondered",1,1
"172","IR25","yet",1,1
"173","IR26","disappears",1,1
"174","IR26","injury",2,1
"175","IR26","reject",1,1
"176","IR26","sense",1,1
"177","IR27","best",1,1
"178","IR27","enemy",1,1
"179","IR27","like",1,1
"180","IR27","revenge",1,1
"181","IR28","ask",1,1
"182","IR28","criticize",1,1
"183","IR28","fault",2,1
"184","IR28","find",1,1
"185","IR28","following",1,1
"186","IR28","mine",1,1
"187","IR28","nearly",1,1
"188","IR28","one",1,1
"189","IR28","question",1,1
"190","IR28","resembles",1,1
"191","IR28","someone",1,1
"192","IR28","whenever",1,1
"193","IR29","another",1,1
"194","IR29","anxiety",1,1
"195","IR29","blames",1,1
"196","IR29","criticisms",1,1
"197","IR29","hates",1,1
"198","IR29","hold",1,1
"199","IR29","inside",1,1
"200","IR29","need",1,1
"201","IR29","opinion",1,1
"202","IR29","particular",1,1
"203","IR29","penetrate",1,1
"204","IR29","people",2,1
"205","IR29","racked",1,1
"206","IR29","realize",1,1
"207","IR29","see",1,1
"208","IR29","similar",1,1
"209","IR29","sort",1,1
"210","IR29","souls",1,1
"211","IR29","voice",1,1
"212","IR29","will",1,1
"213","IR30","face",1,1
"214","IR30","first",1,1
"215","IR30","keep",1,1
"216","IR30","know",1,1
"217","IR30","look",1,1
"218","IR30","rule",1,1
"219","IR30","second",1,1
"220","IR30","spirit",1,1
"221","IR30","things",1,1
"222","IR30","untroubled",1,1
"223","IR31","anger",1,1
"224","IR31","causes",1,1
"225","IR31","consequences",1,1
"226","IR31","grievous",1,1
"227","IR31","much",1,1
"228","IR32","act",1,1
"229","IR32","death",1,1
"230","IR32","going",1,1
"231","IR32","good",1,1
"232","IR32","hangs",1,1
"233","IR32","live",2,1
"234","IR32","power",1,1
"235","IR32","ten",1,1
"236","IR32","thousand",1,1
"237","IR32","years",1,1
"238","IR33","begin",1,1
"239","IR33","day",1,1
"240","IR33","disloyalty",1,1
"241","IR33","due",1,1
"242","IR33","evil",1,1
"243","IR33","good",1,1
"244","IR33","ignorance",1,1
"245","IR33","ill",1,1
"246","IR33","ingratitude",1,1
"247","IR33","insolence",1,1
"248","IR33","interference",1,1
"249","IR33","meeting",1,1
"250","IR33","offenders",1,1
"251","IR33","selfishness",1,1
"252","IR33","shall",1,1
"253","IR33","telling",1,1
"254","IR33","today",1,1
"255","IR33","will",1,1
"256","IR34","always",2,1
"257","IR34","look",2,1
"258","IR34","source",1,1
"259","IR34","spring",1,1
"260","IR34","strength",1,1
"261","IR34","thou",1,1
"262","IR34","thyself",1,1
"263","IR34","well",1,1
"264","IR34","will",1,1
"265","IR34","wilt",1,1
"266","IR35","anything",1,1
"267","IR35","bear",1,1
"268","IR35","bitter",1,1
"269","IR35","feel",1,1
"270","IR35","fortune",1,1
"271","IR35","future",1,1
"272","IR35","good",1,1
"273","IR35","misfortune",1,1
"274","IR35","remember",1,1
"275","IR35","rule",1,1
"276","IR35","tempts",1,1
"277","IR35","worthily",1,1
"278","IR36","gains",1,1
"279","IR36","holy",1,1
"280","IR36","just",1,1
"281","IR36","look",1,1
"282","IR36","make",1,1
"283","IR36","much",1,1
"284","IR36","neighbour",1,1
"285","IR36","says",1,1
"286","IR36","see",1,1
"287","IR36","thinks",1,1
"288","IR36","time",1,1
"289","IR37","carrying",1,1
"290","IR37","corpse",1,1
"291","IR37","epictetus",1,1
"292","IR37","little",1,1
"293","IR37","say",1,1
"294","IR37","soul",1,1
"295","IR37","used",1,1
"296","IR38","frozen",1,1
"297","IR38","lane",1,1
"298","IR38","loading",1,1
"299","IR38","r10",1,1
"300","IR38","screen",1,1
"301","IR38","stuck",1,1
"302","IR39","cash",1,1
"303","IR39","register",1,1
"304","IR39","working",1,1
"305","IR40","lane",2,1
"306","IR40","thingerjig",1,1
"307","IR40","won",1,1
"308","IR41","apple",1,1
"309","IR41","pay",1,1
"310","IR41","working",1,1
"311","IR42","accept",1,1
"312","IR42","apple",1,1
"313","IR42","card",1,1
"314","IR42","credit",1,1
"315","IR42","pay",1,1
"316","IR42","register",1,1
"317","IR42","won",1,1
"318","IR43","coupon",1,1
"319","IR43","freezing",1,1
"320","IR43","keeps",1,1
"321","IR43","lane",1,1
"322","IR43","try",1,1
"323","IR43","use",1,1
"324","IR44","broken",1,1
"325","IR44","scale",1,1
"326","IR45","beauty",1,1
"327","IR45","dwell",1,1
"328","IR45","life",1,1
"329","IR45","running",1,1
"330","IR45","see",1,1
"331","IR45","stars",1,1
"332","IR45","watch",1,1
"333","IR46","events",1,1
"334","IR46","find",1,1
"335","IR46","mind",1,1
"336","IR46","outside",1,1
"337","IR46","power",1,1
"338","IR46","realize",1,1
"339","IR46","strength",1,1
"340","IR46","will",1,1
"341","IR47","depends",1,1
"342","IR47","happiness",1,1
"343","IR47","life",1,1
"344","IR47","quality",1,1
"345","IR47","thoughts",1,1
"346","IR47","upon",1,1
"347","IR48","everything",2,1
"348","IR48","fact",1,1
"349","IR48","hear",1,1
"350","IR48","opinion",1,1
"351","IR48","perspective",1,1
"352","IR48","see",1,1
"353","IR48","truth",1,1
"354","IR49","arguing",1,1
"355","IR49","good",1,1
"356","IR49","man",1,1
"357","IR49","one",1,1
"358","IR49","time",1,1
"359","IR49","waste",1,1
"360","IR50","alive",1,1
"361","IR50","arise",1,1
"362","IR50","enjoy",1,1
"363","IR50","love",1,1
"364","IR50","morning",1,1
"365","IR50","privilege",1,1
"366","IR50","think",2,1
"367","IR51","accept",1,1
"368","IR51","binds",1,1
"369","IR51","brings",1,1
"370","IR51","fate",2,1
"371","IR51","heart",1,1
"372","IR51","love",1,1
"373","IR51","people",1,1
"374","IR51","things",1,1
"375","IR51","together",1,1
"376","IR52","anything",1,1
"377","IR52","distressed",1,1
"378","IR52","due",1,1
"379","IR52","estimate",1,1
"380","IR52","external",1,1
"381","IR52","moment",1,1
"382","IR52","pain",1,1
"383","IR52","power",1,1
"384","IR52","revoke",1,1
"385","IR52","thing",1,1
"386","IR53","best",1,1
"387","IR53","injury",1,1
"388","IR53","performed",1,1
"389","IR53","revenge",1,1
"390","IR53","unlike",1,1
"391","IR54","beginning",1,1
"392","IR54","death",1,1
"393","IR54","fear",2,1
"394","IR54","live",1,1
"395","IR54","man",1,1
"396","IR54","never",1,1
"397","IR55","life",1,1
"398","IR55","make",1,1
"399","IR55","thoughts",1,1
"400","IR56","becomes",1,1
"401","IR56","colour",1,1
"402","IR56","dyed",1,1
"403","IR56","soul",1,1
"404","IR56","thoughts",1,1
"405","IR57","able",1,1
"406","IR57","change",1,1
"407","IR57","continues",1,1
"408","IR57","deception",1,1
"409","IR57","ever",1,1
"410","IR57","happily",1,1
"411","IR57","harmed",2,1
"412","IR57","ignorance",1,1
"413","IR57","one",1,1
"414","IR57","person",1,1
"415","IR57","right",1,1
"416","IR57","seek",1,1
"417","IR57","self",1,1
"418","IR57","show",1,1
"419","IR57","someone",1,1
"420","IR57","think",1,1
"421","IR57","truly",1,1
"422","IR57","truth",1,1
"423","IR57","will",1,1
"424","IR58","right",1,1
"425","IR58","say",1,1
"426","IR58","true",1,1
"427","IR59","arm",1,1
"428","IR59","disturb",1,1
"429","IR59","future",1,1
"430","IR59","let",1,1
"431","IR59","meet",1,1
"432","IR59","never",1,1
"433","IR59","present",1,1
"434","IR59","reason",1,1
"435","IR59","today",1,1
"436","IR59","weapons",1,1
"437","IR59","will",1,1
"438","IR60","happy",1,1
"439","IR60","life",1,1
"440","IR60","little",1,1
"441","IR60","make",1,1
"442","IR60","needed",1,1
"443","IR60","thinking",1,1
"444","IR60","way",1,1
"445","IR60","within",1,1
"446","IR61","escape",1,1
"447","IR61","finding",1,1
"448","IR61","insane",1,1
"449","IR61","life",1,1
"450","IR61","majority",1,1
"451","IR61","object",1,1
"452","IR61","oneself",1,1
"453","IR61","ranks",1,1
"454","IR61","side",1,1
"455","IR62","every",1,1
"456","IR62","less",1,1
"457","IR62","loves",1,1
"458","IR62","man",1,1
"459","IR62","men",1,1
"460","IR62","often",1,1
"461","IR62","opinion",2,1
"462","IR62","others",1,1
"463","IR62","rest",1,1
"464","IR62","sets",1,1
"465","IR62","value",1,1
"466","IR62","wondered",1,1
"467","IR62","yet",1,1
"468","IR63","disappears",1,1
"469","IR63","injury",2,1
"470","IR63","reject",1,1
"471","IR63","sense",1,1
"472","IR64","best",1,1
"473","IR64","enemy",1,1
"474","IR64","like",1,1
"475","IR64","revenge",1,1
"476","IR65","ask",1,1
"477","IR65","criticize",1,1
"478","IR65","fault",2,1
"479","IR65","find",1,1
"480","IR65","following",1,1
"481","IR65","mine",1,1
"482","IR65","nearly",1,1
"483","IR65","one",1,1
"484","IR65","question",1,1
"485","IR65","resembles",1,1
"486","IR65","someone",1,1
"487","IR65","whenever",1,1
"488","IR66","another",1,1
"489","IR66","anxiety",1,1
"490","IR66","blames",1,1
"491","IR66","criticisms",1,1
"492","IR66","hates",1,1
"493","IR66","hold",1,1
"494","IR66","inside",1,1
"495","IR66","need",1,1
"496","IR66","opinion",1,1
"497","IR66","particular",1,1
"498","IR66","penetrate",1,1
"499","IR66","people",2,1
"500","IR66","racked",1,1
"501","IR66","realize",1,1
"502","IR66","see",1,1
"503","IR66","similar",1,1
"504","IR66","sort",1,1
"505","IR66","souls",1,1
"506","IR66","voice",1,1
"507","IR66","will",1,1
"508","IR67","face",1,1
"509","IR67","first",1,1
"510","IR67","keep",1,1
"511","IR67","know",1,1
"512","IR67","look",1,1
"513","IR67","rule",1,1
"514","IR67","second",1,1
"515","IR67","spirit",1,1
"516","IR67","things",1,1
"517","IR67","untroubled",1,1
"518","IR68","anger",1,1
"519","IR68","causes",1,1
"520","IR68","consequences",1,1
"521","IR68","grievous",1,1
"522","IR68","much",1,1
"523","IR69","act",1,1
"524","IR69","death",1,1
"525","IR69","going",1,1
"526","IR69","good",1,1
"527","IR69","hangs",1,1
"528","IR69","live",2,1
"529","IR69","power",1,1
"530","IR69","ten",1,1
"531","IR69","thousand",1,1
"532","IR69","years",1,1
"533","IR70","begin",1,1
"534","IR70","day",1,1
"535","IR70","disloyalty",1,1
"536","IR70","due",1,1
"537","IR70","evil",1,1
"538","IR70","good",1,1
"539","IR70","ignorance",1,1
"540","IR70","ill",1,1
"541","IR70","ingratitude",1,1
"542","IR70","insolence",1,1
"543","IR70","interference",1,1
"544","IR70","meeting",1,1
"545","IR70","offenders",1,1
"546","IR70","selfishness",1,1
"547","IR70","shall",1,1
"548","IR70","telling",1,1
"549","IR70","today",1,1
"550","IR70","will",1,1
"551","IR71","always",2,1
"552","IR71","look",2,1
"553","IR71","source",1,1
"554","IR71","spring",1,1
"555","IR71","strength",1,1
"556","IR71","thou",1,1
"557","IR71","thyself",1,1
"558","IR71","well",1,1
"559","IR71","will",1,1
"560","IR71","wilt",1,1
"561","IR72","anything",1,1
"562","IR72","bear",1,1
"563","IR72","bitter",1,1
"564","IR72","feel",1,1
"565","IR72","fortune",1,1
"566","IR72","future",1,1
"567","IR72","good",1,1
"568","IR72","misfortune",1,1
"569","IR72","remember",1,1
"570","IR72","rule",1,1
"571","IR72","tempts",1,1
"572","IR72","worthily",1,1
"573","IR73","gains",1,1
"574","IR73","holy",1,1
"575","IR73","just",1,1
"576","IR73","look",1,1
"577","IR73","make",1,1
"578","IR73","much",1,1
"579","IR73","neighbour",1,1
"580","IR73","says",1,1
"581","IR73","see",1,1
"582","IR73","thinks",1,1
"583","IR73","time",1,1
"584","IR74","carrying",1,1
"585","IR74","corpse",1,1
"586","IR74","epictetus",1,1
"587","IR74","little",1,1
"588","IR74","say",1,1
"589","IR74","soul",1,1
"590","IR74","used",1,1
"591","IR75","frozen",1,1
"592","IR75","lane",1,1
"593","IR75","loading",1,1
"594","IR75","r10",1,1
"595","IR75","screen",1,1
"596","IR75","stuck",1,1
"597","IR76","cash",1,1
"598","IR76","register",1,1
"599","IR76","working",1,1
"600","IR77","lane",2,1
"601","IR77","thingerjig",1,1
"602","IR77","won",1,1
"603","IR78","apple",1,1
"604","IR78","pay",1,1
"605","IR78","working",1,1
"606","IR79","accept",1,1
"607","IR79","apple",1,1
"608","IR79","card",1,1
"609","IR79","credit",1,1
"610","IR79","pay",1,1
"611","IR79","register",1,1
"612","IR79","won",1,1
"613","IR80","coupon",1,1
"614","IR80","freezing",1,1
"615","IR80","keeps",1,1
"616","IR80","lane",1,1
"617","IR80","try",1,1
"618","IR80","use",1,1
"619","IR81","broken",1,1
"620","IR81","scale",1,1
"621","IR82","beauty",1,1
"622","IR82","dwell",1,1
"623","IR82","life",1,1
"624","IR82","running",1,1
"625","IR82","see",1,1
"626","IR82","stars",1,1
"627","IR82","watch",1,1
"628","IR83","events",1,1
"629","IR83","find",1,1
"630","IR83","mind",1,1
"631","IR83","outside",1,1
"632","IR83","power",1,1
"633","IR83","realize",1,1
"634","IR83","strength",1,1
"635","IR83","will",1,1
"636","IR84","depends",1,1
"637","IR84","happiness",1,1
"638","IR84","life",1,1
"639","IR84","quality",1,1
"640","IR84","thoughts",1,1
"641","IR84","upon",1,1
"642","IR85","everything",2,1
"643","IR85","fact",1,1
"644","IR85","hear",1,1
"645","IR85","opinion",1,1
"646","IR85","perspective",1,1
"647","IR85","see",1,1
"648","IR85","truth",1,1
"649","IR86","arguing",1,1
"650","IR86","good",1,1
"651","IR86","man",1,1
"652","IR86","one",1,1
"653","IR86","time",1,1
"654","IR86","waste",1,1
"655","IR87","alive",1,1
"656","IR87","arise",1,1
"657","IR87","enjoy",1,1
"658","IR87","love",1,1
"659","IR87","morning",1,1
"660","IR87","privilege",1,1
"661","IR87","think",2,1
"662","IR88","accept",1,1
"663","IR88","binds",1,1
"664","IR88","brings",1,1
"665","IR88","fate",2,1
"666","IR88","heart",1,1
"667","IR88","love",1,1
"668","IR88","people",1,1
"669","IR88","things",1,1
"670","IR88","together",1,1
"671","IR89","anything",1,1
"672","IR89","distressed",1,1
"673","IR89","due",1,1
"674","IR89","estimate",1,1
"675","IR89","external",1,1
"676","IR89","moment",1,1
"677","IR89","pain",1,1
"678","IR89","power",1,1
"679","IR89","revoke",1,1
"680","IR89","thing",1,1
"681","IR90","best",1,1
"682","IR90","injury",1,1
"683","IR90","performed",1,1
"684","IR90","revenge",1,1
"685","IR90","unlike",1,1
"686","IR91","beginning",1,1
"687","IR91","death",1,1
"688","IR91","fear",2,1
"689","IR91","live",1,1
"690","IR91","man",1,1
"691","IR91","never",1,1
"692","IR92","life",1,1
"693","IR92","make",1,1
"694","IR92","thoughts",1,1
"695","IR93","becomes",1,1
"696","IR93","colour",1,1
"697","IR93","dyed",1,1
"698","IR93","soul",1,1
"699","IR93","thoughts",1,1
"700","IR94","able",1,1
"701","IR94","change",1,1
"702","IR94","continues",1,1
"703","IR94","deception",1,1
"704","IR94","ever",1,1
"705","IR94","happily",1,1
"706","IR94","harmed",2,1
"707","IR94","ignorance",1,1
"708","IR94","one",1,1
"709","IR94","person",1,1
"710","IR94","right",1,1
"711","IR94","seek",1,1
"712","IR94","self",1,1
"713","IR94","show",1,1
"714","IR94","someone",1,1
"715","IR94","think",1,1
"716","IR94","truly",1,1
"717","IR94","truth",1,1
"718","IR94","will",1,1
"719","IR95","right",1,1
"720","IR95","say",1,1
"721","IR95","true",1,1
"722","IR96","arm",1,1
"723","IR96","disturb",1,1
"724","IR96","future",1,1
"725","IR96","let",1,1
"726","IR96","meet",1,1
"727","IR96","never",1,1
"728","IR96","present",1,1
"729","IR96","reason",1,1
"730","IR96","today",1,1
"731","IR96","weapons",1,1
"732","IR96","will",1,1
"733","IR97","happy",1,1
"734","IR97","life",1,1
"735","IR97","little",1,1
"736","IR97","make",1,1
"737","IR97","needed",1,1
"738","IR97","thinking",1,1
"739","IR97","way",1,1
"740","IR97","within",1,1
"741","IR98","escape",1,1
"742","IR98","finding",1,1
"743","IR98","insane",1,1
"744","IR98","life",1,1
"745","IR98","majority",1,1
"746","IR98","object",1,1
"747","IR98","oneself",1,1
"748","IR98","ranks",1,1
"749","IR98","side",1,1
"750","IR99","every",1,1
"751","IR99","less",1,1
"752","IR99","loves",1,1
"753","IR99","man",1,1
"754","IR99","men",1,1
"755","IR99","often",1,1
"756","IR99","opinion",2,1
"757","IR99","others",1,1
"758","IR99","rest",1,1
"759","IR99","sets",1,1
"760","IR99","value",1,1
"761","IR99","wondered",1,1
"762","IR99","yet",1,1
"763","IR100","disappears",1,1
"764","IR100","injury",2,1
"765","IR100","reject",1,1
"766","IR100","sense",1,1
"767","IR101","best",1,1
"768","IR101","enemy",1,1
"769","IR101","like",1,1
"770","IR101","revenge",1,1
"771","IR102","ask",1,1
"772","IR102","criticize",1,1
"773","IR102","fault",2,1
"774","IR102","find",1,1
"775","IR102","following",1,1
"776","IR102","mine",1,1
"777","IR102","nearly",1,1
"778","IR102","one",1,1
"779","IR102","question",1,1
"780","IR102","resembles",1,1
"781","IR102","someone",1,1
"782","IR102","whenever",1,1
"783","IR103","another",1,1
"784","IR103","anxiety",1,1
"785","IR103","blames",1,1
"786","IR103","criticisms",1,1
"787","IR103","hates",1,1
"788","IR103","hold",1,1
"789","IR103","inside",1,1
"790","IR103","need",1,1
"791","IR103","opinion",1,1
"792","IR103","particular",1,1
"793","IR103","penetrate",1,1
"794","IR103","people",2,1
"795","IR103","racked",1,1
"796","IR103","realize",1,1
"797","IR103","see",1,1
"798","IR103","similar",1,1
"799","IR103","sort",1,1
"800","IR103","souls",1,1
"801","IR103","voice",1,1
"802","IR103","will",1,1
"803","IR104","face",1,1
"804","IR104","first",1,1
"805","IR104","keep",1,1
"806","IR104","know",1,1
"807","IR104","look",1,1
"808","IR104","rule",1,1
"809","IR104","second",1,1
"810","IR104","spirit",1,1
"811","IR104","things",1,1
"812","IR104","untroubled",1,1
"813","IR105","anger",1,1
"814","IR105","causes",1,1
"815","IR105","consequences",1,1
"816","IR105","grievous",1,1
"817","IR105","much",1,1
"818","IR106","act",1,1
"819","IR106","death",1,1
"820","IR106","going",1,1
"821","IR106","good",1,1
"822","IR106","hangs",1,1
"823","IR106","live",2,1
"824","IR106","power",1,1
"825","IR106","ten",1,1
"826","IR106","thousand",1,1
"827","IR106","years",1,1
"828","IR107","begin",1,1
"829","IR107","day",1,1
"830","IR107","disloyalty",1,1
"831","IR107","due",1,1
"832","IR107","evil",1,1
"833","IR107","good",1,1
"834","IR107","ignorance",1,1
"835","IR107","ill",1,1
"836","IR107","ingratitude",1,1
"837","IR107","insolence",1,1
"838","IR107","interference",1,1
"839","IR107","meeting",1,1
"840","IR107","offenders",1,1
"841","IR107","selfishness",1,1
"842","IR107","shall",1,1
"843","IR107","telling",1,1
"844","IR107","today",1,1
"845","IR107","will",1,1
"846","IR108","always",2,1
"847","IR108","look",2,1
"848","IR108","source",1,1
"849","IR108","spring",1,1
"850","IR108","strength",1,1
"851","IR108","thou",1,1
"852","IR108","thyself",1,1
"853","IR108","well",1,1
"854","IR108","will",1,1
"855","IR108","wilt",1,1
"856","IR109","anything",1,1
"857","IR109","bear",1,1
"858","IR109","bitter",1,1
"859","IR109","feel",1,1
"860","IR109","fortune",1,1
"861","IR109","future",1,1
"862","IR109","good",1,1
"863","IR109","misfortune",1,1
"864","IR109","remember",1,1
"865","IR109","rule",1,1
"866","IR109","tempts",1,1
"867","IR109","worthily",1,1
"868","IR110","gains",1,1
"869","IR110","holy",1,1
"870","IR110","just",1,1
"871","IR110","look",1,1
"872","IR110","make",1,1
"873","IR110","much",1,1
"874","IR110","neighbour",1,1
"875","IR110","says",1,1
"876","IR110","see",1,1
"877","IR110","thinks",1,1
"878","IR110","time",1,1
"879","IR111","carrying",1,1
"880","IR111","corpse",1,1
"881","IR111","epictetus",1,1
"882","IR111","little",1,1
"883","IR111","say",1,1
"884","IR111","soul",1,1
"885","IR111","used",1,1
"886","IR112","frozen",1,1
"887","IR112","lane",1,1
"888","IR112","loading",1,1
"889","IR112","r10",1,1
"890","IR112","screen",1,1
"891","IR112","stuck",1,1
"892","IR113","cash",1,1
"893","IR113","register",1,1
"894","IR113","working",1,1
"895","IR114","lane",2,1
"896","IR114","thingerjig",1,1
"897","IR114","won",1,1
"898","IR115","apple",1,1
"899","IR115","pay",1,1
"900","IR115","working",1,1
"901","IR116","accept",1,1
"902","IR116","apple",1,1
"903","IR116","card",1,1
"904","IR116","credit",1,1
"905","IR116","pay",1,1
"906","IR116","register",1,1
"907","IR116","won",1,1
"908","IR117","coupon",1,1
"909","IR117","freezing",1,1
"910","IR117","keeps",1,1
"911","IR117","lane",1,1
"912","IR117","try",1,1
"913","IR117","use",1,1
"914","IR118","broken",1,1
"915","IR118","scale",1,1
"916","IR119","beauty",1,1
"917","IR119","dwell",1,1
"918","IR119","life",1,1
"919","IR119","running",1,1
"920","IR119","see",1,1
"921","IR119","stars",1,1
"922","IR119","watch",1,1
"923","IR120","events",1,1
"924","IR120","find",1,1
"925","IR120","mind",1,1
"926","IR120","outside",1,1
"927","IR120","power",1,1
"928","IR120","realize",1,1
"929","IR120","strength",1,1
"930","IR120","will",1,1
"931","IR121","depends",1,1
"932","IR121","happiness",1,1
"933","IR121","life",1,1
"934","IR121","quality",1,1
"935","IR121","thoughts",1,1
"936","IR121","upon",1,1
"937","IR122","everything",2,1
"938","IR122","fact",1,1
"939","IR122","hear",1,1
"940","IR122","opinion",1,1
"941","IR122","perspective",1,1
"942","IR122","see",1,1
"943","IR122","truth",1,1
"944","IR123","arguing",1,1
"945","IR123","good",1,1
"946","IR123","man",1,1
"947","IR123","one",1,1
"948","IR123","time",1,1
"949","IR123","waste",1,1
"950","IR124","alive",1,1
"951","IR124","arise",1,1
"952","IR124","enjoy",1,1
"953","IR124","love",1,1
"954","IR124","morning",1,1
"955","IR124","privilege",1,1
"956","IR124","think",2,1
"957","IR125","accept",1,1
"958","IR125","binds",1,1
"959","IR125","brings",1,1
"960","IR125","fate",2,1
"961","IR125","heart",1,1
"962","IR125","love",1,1
"963","IR125","people",1,1
"964","IR125","things",1,1
"965","IR125","together",1,1
"966","IR126","anything",1,1
"967","IR126","distressed",1,1
"968","IR126","due",1,1
"969","IR126","estimate",1,1
"970","IR126","external",1,1
"971","IR126","moment",1,1
"972","IR126","pain",1,1
"973","IR126","power",1,1
"974","IR126","revoke",1,1
"975","IR126","thing",1,1
"976","IR127","best",1,1
"977","IR127","injury",1,1
"978","IR127","performed",1,1
"979","IR127","revenge",1,1
"980","IR127","unlike",1,1
"981","IR128","beginning",1,1
"982","IR128","death",1,1
"983","IR128","fear",2,1
"984","IR128","live",1,1
"985","IR128","man",1,1
"986","IR128","never",1,1
"987","IR129","life",1,1
"988","IR129","make",1,1
"989","IR129","thoughts",1,1
"990","IR130","becomes",1,1
"991","IR130","colour",1,1
"992","IR130","dyed",1,1
"993","IR130","soul",1,1
"994","IR130","thoughts",1,1
"995","IR131","able",1,1
"996","IR131","change",1,1
"997","IR131","continues",1,1
"998","IR131","deception",1,1
"999","IR131","ever",1,1
"1000","IR131","happily",1,1
"1001","IR131","harmed",2,1
"1002","IR131","ignorance",1,1
"1003","IR131","one",1,1
"1004","IR131","person",1,1
"1005","IR131","right",1,1
"1006","IR131","seek",1,1
"1007","IR131","self",1,1
"1008","IR131","show",1,1
"1009","IR131","someone",1,1
"1010","IR131","think",1,1
"1011","IR131","truly",1,1
"1012","IR131","truth",1,1
"1013","IR131","will",1,1
"1014","IR132","right",1,1
"1015","IR132","say",1,1
"1016","IR132","true",1,1
"1017","IR133","arm",1,1
"1018","IR133","disturb",1,1
"1019","IR133","future",1,1
"1020","IR133","let",1,1
"1021","IR133","meet",1,1
"1022","IR133","never",1,1
"1023","IR133","present",1,1
"1024","IR133","reason",1,1
"1025","IR133","today",1,1
"1026","IR133","weapons",1,1
"1027","IR133","will",1,1
"1028","IR134","happy",1,1
"1029","IR134","life",1,1
"1030","IR134","little",1,1
"1031","IR134","make",1,1
"1032","IR134","needed",1,1
"1033","IR134","thinking",1,1
"1034","IR134","way",1,1
"1035","IR134","within",1,1
"1036","IR135","escape",1,1
"1037","IR135","finding",1,1
"1038","IR135","insane",1,1
"1039","IR135","life",1,1
"1040","IR135","majority",1,1
"1041","IR135","object",1,1
"1042","IR135","oneself",1,1
"1043","IR135","ranks",1,1
"1044","IR135","side",1,1
"1045","IR136","every",1,1
"1046","IR136","less",1,1
"1047","IR136","loves",1,1
"1048","IR136","man",1,1
"1049","IR136","men",1,1
"1050","IR136","often",1,1
"1051","IR136","opinion",2,1
"1052","IR136","others",1,1
"1053","IR136","rest",1,1
"1054","IR136","sets",1,1
"1055","IR136","value",1,1
"1056","IR136","wondered",1,1
"1057","IR136","yet",1,1
"1058","IR137","disappears",1,1
"1059","IR137","injury",2,1
"1060","IR137","reject",1,1
"1061","IR137","sense",1,1
"1062","IR138","best",1,1
"1063","IR138","enemy",1,1
"1064","IR138","like",1,1
"1065","IR138","revenge",1,1
"1066","IR139","ask",1,1
"1067","IR139","criticize",1,1
"1068","IR139","fault",2,1
"1069","IR139","find",1,1
"1070","IR139","following",1,1
"1071","IR139","mine",1,1
"1072","IR139","nearly",1,1
"1073","IR139","one",1,1
"1074","IR139","question",1,1
"1075","IR139","resembles",1,1
"1076","IR139","someone",1,1
"1077","IR139","whenever",1,1
"1078","IR140","another",1,1
"1079","IR140","anxiety",1,1
"1080","IR140","blames",1,1
"1081","IR140","criticisms",1,1
"1082","IR140","hates",1,1
"1083","IR140","hold",1,1
"1084","IR140","inside",1,1
"1085","IR140","need",1,1
"1086","IR140","opinion",1,1
"1087","IR140","particular",1,1
"1088","IR140","penetrate",1,1
"1089","IR140","people",2,1
"1090","IR140","racked",1,1
"1091","IR140","realize",1,1
"1092","IR140","see",1,1
"1093","IR140","similar",1,1
"1094","IR140","sort",1,1
"1095","IR140","souls",1,1
"1096","IR140","voice",1,1
"1097","IR140","will",1,1
"1098","IR141","face",1,1
"1099","IR141","first",1,1
"1100","IR141","keep",1,1
"1101","IR141","know",1,1
"1102","IR141","look",1,1
"1103","IR141","rule",1,1
"1104","IR141","second",1,1
"1105","IR141","spirit",1,1
"1106","IR141","things",1,1
"1107","IR141","untroubled",1,1
"1108","IR142","anger",1,1
"1109","IR142","causes",1,1
"1110","IR142","consequences",1,1
"1111","IR142","grievous",1,1
"1112","IR142","much",1,1
"1113","IR143","act",1,1
"1114","IR143","death",1,1
"1115","IR143","going",1,1
"1116","IR143","good",1,1
"1117","IR143","hangs",1,1
"1118","IR143","live",2,1
"1119","IR143","power",1,1
"1120","IR143","ten",1,1
"1121","IR143","thousand",1,1
"1122","IR143","years",1,1
"1123","IR144","begin",1,1
"1124","IR144","day",1,1
"1125","IR144","disloyalty",1,1
"1126","IR144","due",1,1
"1127","IR144","evil",1,1
"1128","IR144","good",1,1
"1129","IR144","ignorance",1,1
"1130","IR144","ill",1,1
"1131","IR144","ingratitude",1,1
"1132","IR144","insolence",1,1
"1133","IR144","interference",1,1
"1134","IR144","meeting",1,1
"1135","IR144","offenders",1,1
"1136","IR144","selfishness",1,1
"1137","IR144","shall",1,1
"1138","IR144","telling",1,1
"1139","IR144","today",1,1
"1140","IR144","will",1,1
"1141","IR145","always",2,1
"1142","IR145","look",2,1
"1143","IR145","source",1,1
"1144","IR145","spring",1,1
"1145","IR145","strength",1,1
"1146","IR145","thou",1,1
"1147","IR145","thyself",1,1
"1148","IR145","well",1,1
"1149","IR145","will",1,1
"1150","IR145","wilt",1,1
"1151","IR146","anything",1,1
"1152","IR146","bear",1,1
"1153","IR146","bitter",1,1
"1154","IR146","feel",1,1
"1155","IR146","fortune",1,1
"1156","IR146","future",1,1
"1157","IR146","good",1,1
"1158","IR146","misfortune",1,1
"1159","IR146","remember",1,1
"1160","IR146","rule",1,1
"1161","IR146","tempts",1,1
"1162","IR146","worthily",1,1
"1163","IR147","gains",1,1
"1164","IR147","holy",1,1
"1165","IR147","just",1,1
"1166","IR147","look",1,1
"1167","IR147","make",1,1
"1168","IR147","much",1,1
"1169","IR147","neighbour",1,1
"1170","IR147","says",1,1
"1171","IR147","see",1,1
"1172","IR147","thinks",1,1
"1173","IR147","time",1,1
"1174","IR148","carrying",1,1
"1175","IR148","corpse",1,1
"1176","IR148","epictetus",1,1
"1177","IR148","little",1,1
"1178","IR148","say",1,1
"1179","IR148","soul",1,1
"1180","IR148","used",1,1
"1181","IR149","frozen",1,1
"1182","IR149","lane",1,1
"1183","IR149","loading",1,1
"1184","IR149","r10",1,1
"1185","IR149","screen",1,1
"1186","IR149","stuck",1,1
"1187","IR150","cash",1,1
"1188","IR150","register",1,1
"1189","IR150","working",1,1
"1190","IR151","lane",2,1
"1191","IR151","thingerjig",1,1
"1192","IR151","won",1,1
"1193","IR152","apple",1,1
"1194","IR152","pay",1,1
"1195","IR152","working",1,1
"1196","IR153","accept",1,1
"1197","IR153","apple",1,1
"1198","IR153","card",1,1
"1199","IR153","credit",1,1
"1200","IR153","pay",1,1
"1201","IR153","register",1,1
"1202","IR153","won",1,1
"1203","IR154","coupon",1,1
"1204","IR154","freezing",1,1
"1205","IR154","keeps",1,1
"1206","IR154","lane",1,1
"1207","IR154","try",1,1
"1208","IR154","use",1,1
"1209","IR155","broken",1,1
"1210","IR155","scale",1,1
"1211","IR156","beauty",1,1
"1212","IR156","dwell",1,1
"1213","IR156","life",1,1
"1214","IR156","running",1,1
"1215","IR156","see",1,1
"1216","IR156","stars",1,1
"1217","IR156","watch",1,1
"1218","IR157","events",1,1
"1219","IR157","find",1,1
"1220","IR157","mind",1,1
"1221","IR157","outside",1,1
"1222","IR157","power",1,1
"1223","IR157","realize",1,1
"1224","IR157","strength",1,1
"1225","IR157","will",1,1
"1226","IR158","depends",1,1
"1227","IR158","happiness",1,1
"1228","IR158","life",1,1
"1229","IR158","quality",1,1
"1230","IR158","thoughts",1,1
"1231","IR158","upon",1,1
"1232","IR159","everything",2,1
"1233","IR159","fact",1,1
"1234","IR159","hear",1,1
"1235","IR159","opinion",1,1
"1236","IR159","perspective",1,1
"1237","IR159","see",1,1
"1238","IR159","truth",1,1
"1239","IR160","arguing",1,1
"1240","IR160","good",1,1
"1241","IR160","man",1,1
"1242","IR160","one",1,1
"1243","IR160","time",1,1
"1244","IR160","waste",1,1
"1245","IR161","alive",1,1
"1246","IR161","arise",1,1
"1247","IR161","enjoy",1,1
"1248","IR161","love",1,1
"1249","IR161","morning",1,1
"1250","IR161","privilege",1,1
"1251","IR161","think",2,1
"1252","IR162","accept",1,1
"1253","IR162","binds",1,1
"1254","IR162","brings",1,1
"1255","IR162","fate",2,1
"1256","IR162","heart",1,1
"1257","IR162","love",1,1
"1258","IR162","people",1,1
"1259","IR162","things",1,1
"1260","IR162","together",1,1
"1261","IR163","anything",1,1
"1262","IR163","distressed",1,1
"1263","IR163","due",1,1
"1264","IR163","estimate",1,1
"1265","IR163","external",1,1
"1266","IR163","moment",1,1
"1267","IR163","pain",1,1
"1268","IR163","power",1,1
"1269","IR163","revoke",1,1
"1270","IR163","thing",1,1
"1271","IR164","best",1,1
"1272","IR164","injury",1,1
"1273","IR164","performed",1,1
"1274","IR164","revenge",1,1
"1275","IR164","unlike",1,1
"1276","IR165","beginning",1,1
"1277","IR165","death",1,1
"1278","IR165","fear",2,1
"1279","IR165","live",1,1
"1280","IR165","man",1,1
"1281","IR165","never",1,1
"1282","IR166","life",1,1
"1283","IR166","make",1,1
"1284","IR166","thoughts",1,1
"1285","IR167","becomes",1,1
"1286","IR167","colour",1,1
"1287","IR167","dyed",1,1
"1288","IR167","soul",1,1
"1289","IR167","thoughts",1,1
"1290","IR168","able",1,1
"1291","IR168","change",1,1
"1292","IR168","continues",1,1
"1293","IR168","deception",1,1
"1294","IR168","ever",1,1
"1295","IR168","happily",1,1
"1296","IR168","harmed",2,1
"1297","IR168","ignorance",1,1
"1298","IR168","one",1,1
"1299","IR168","person",1,1
"1300","IR168","right",1,1
"1301","IR168","seek",1,1
"1302","IR168","self",1,1
"1303","IR168","show",1,1
"1304","IR168","someone",1,1
"1305","IR168","think",1,1
"1306","IR168","truly",1,1
"1307","IR168","truth",1,1
"1308","IR168","will",1,1
"1309","IR169","right",1,1
"1310","IR169","say",1,1
"1311","IR169","true",1,1
"1312","IR170","arm",1,1
"1313","IR170","disturb",1,1
"1314","IR170","future",1,1
"1315","IR170","let",1,1
"1316","IR170","meet",1,1
"1317","IR170","never",1,1
"1318","IR170","present",1,1
"1319","IR170","reason",1,1
"1320","IR170","today",1,1
"1321","IR170","weapons",1,1
"1322","IR170","will",1,1
"1323","IR171","happy",1,1
"1324","IR171","life",1,1
"1325","IR171","little",1,1
"1326","IR171","make",1,1
"1327","IR171","needed",1,1
"1328","IR171","thinking",1,1
"1329","IR171","way",1,1
"1330","IR171","within",1,1
"1331","IR172","escape",1,1
"1332","IR172","finding",1,1
"1333","IR172","insane",1,1
"1334","IR172","life",1,1
"1335","IR172","majority",1,1
"1336","IR172","object",1,1
"1337","IR172","oneself",1,1
"1338","IR172","ranks",1,1
"1339","IR172","side",1,1
"1340","IR173","every",1,1
"1341","IR173","less",1,1
"1342","IR173","loves",1,1
"1343","IR173","man",1,1
"1344","IR173","men",1,1
"1345","IR173","often",1,1
"1346","IR173","opinion",2,1
"1347","IR173","others",1,1
"1348","IR173","rest",1,1
"1349","IR173","sets",1,1
"1350","IR173","value",1,1
"1351","IR173","wondered",1,1
"1352","IR173","yet",1,1
"1353","IR174","disappears",1,1
"1354","IR174","injury",2,1
"1355","IR174","reject",1,1
"1356","IR174","sense",1,1
"1357","IR175","best",1,1
"1358","IR175","enemy",1,1
"1359","IR175","like",1,1
"1360","IR175","revenge",1,1
"1361","IR176","ask",1,1
"1362","IR176","criticize",1,1
"1363","IR176","fault",2,1
"1364","IR176","find",1,1
"1365","IR176","following",1,1
"1366","IR176","mine",1,1
"1367","IR176","nearly",1,1
"1368","IR176","one",1,1
"1369","IR176","question",1,1
"1370","IR176","resembles",1,1
"1371","IR176","someone",1,1
"1372","IR176","whenever",1,1
"1373","IR177","another",1,1
"1374","IR177","anxiety",1,1
"1375","IR177","blames",1,1
"1376","IR177","criticisms",1,1
"1377","IR177","hates",1,1
"1378","IR177","hold",1,1
"1379","IR177","inside",1,1
"1380","IR177","need",1,1
"1381","IR177","opinion",1,1
"1382","IR177","particular",1,1
"1383","IR177","penetrate",1,1
"1384","IR177","people",2,1
"1385","IR177","racked",1,1
"1386","IR177","realize",1,1
"1387","IR177","see",1,1
"1388","IR177","similar",1,1
"1389","IR177","sort",1,1
"1390","IR177","souls",1,1
"1391","IR177","voice",1,1
"1392","IR177","will",1,1
"1393","IR178","face",1,1
"1394","IR178","first",1,1
"1395","IR178","keep",1,1
"1396","IR178","know",1,1
"1397","IR178","look",1,1
"1398","IR178","rule",1,1
"1399","IR178","second",1,1
"1400","IR178","spirit",1,1
"1401","IR178","things",1,1
"1402","IR178","untroubled",1,1
"1403","IR179","anger",1,1
"1404","IR179","causes",1,1
"1405","IR179","consequences",1,1
"1406","IR179","grievous",1,1
"1407","IR179","much",1,1
"1408","IR180","act",1,1
"1409","IR180","death",1,1
"1410","IR180","going",1,1
"1411","IR180","good",1,1
"1412","IR180","hangs",1,1
"1413","IR180","live",2,1
"1414","IR180","power",1,1
"1415","IR180","ten",1,1
"1416","IR180","thousand",1,1
"1417","IR180","years",1,1
"1418","IR181","begin",1,1
"1419","IR181","day",1,1
"1420","IR181","disloyalty",1,1
"1421","IR181","due",1,1
"1422","IR181","evil",1,1
"1423","IR181","good",1,1
"1424","IR181","ignorance",1,1
"1425","IR181","ill",1,1
"1426","IR181","ingratitude",1,1
"1427","IR181","insolence",1,1
"1428","IR181","interference",1,1
"1429","IR181","meeting",1,1
"1430","IR181","offenders",1,1
"1431","IR181","selfishness",1,1
"1432","IR181","shall",1,1
"1433","IR181","telling",1,1
"1434","IR181","today",1,1
"1435","IR181","will",1,1
"1436","IR182","always",2,1
"1437","IR182","look",2,1
"1438","IR182","source",1,1
"1439","IR182","spring",1,1
"1440","IR182","strength",1,1
"1441","IR182","thou",1,1
"1442","IR182","thyself",1,1
"1443","IR182","well",1,1
"1444","IR182","will",1,1
"1445","IR182","wilt",1,1
"1446","IR183","anything",1,1
"1447","IR183","bear",1,1
"1448","IR183","bitter",1,1
"1449","IR183","feel",1,1
"1450","IR183","fortune",1,1
"1451","IR183","future",1,1
"1452","IR183","good",1,1
"1453","IR183","misfortune",1,1
"1454","IR183","remember",1,1
"1455","IR183","rule",1,1
"1456","IR183","tempts",1,1
"1457","IR183","worthily",1,1
"1458","IR184","gains",1,1
"1459","IR184","holy",1,1
"1460","IR184","just",1,1
"1461","IR184","look",1,1
"1462","IR184","make",1,1
"1463","IR184","much",1,1
"1464","IR184","neighbour",1,1
"1465","IR184","says",1,1
"1466","IR184","see",1,1
"1467","IR184","thinks",1,1
"1468","IR184","time",1,1
"1469","IR185","carrying",1,1
"1470","IR185","corpse",1,1
"1471","IR185","epictetus",1,1
"1472","IR185","little",1,1
"1473","IR185","say",1,1
"1474","IR185","soul",1,1
"1475","IR185","used",1,1
"1476","IR186","frozen",1,1
"1477","IR186","lane",1,1
"1478","IR186","loading",1,1
"1479","IR186","r10",1,1
"1480","IR186","screen",1,1
"1481","IR186","stuck",1,1
"1482","IR187","cash",1,1
"1483","IR187","register",1,1
"1484","IR187","working",1,1
"1485","IR188","lane",2,1
"1486","IR188","thingerjig",1,1
"1487","IR188","won",1,1
"1488","IR189","apple",1,1
"1489","IR189","pay",1,1
"1490","IR189","working",1,1
"1491","IR190","accept",1,1
"1492","IR190","apple",1,1
"1493","IR190","card",1,1
"1494","IR190","credit",1,1
"1495","IR190","pay",1,1
"1496","IR190","register",1,1
"1497","IR190","won",1,1
"1498","IR191","coupon",1,1
"1499","IR191","freezing",1,1
"1500","IR191","keeps",1,1
"1501","IR191","lane",1,1
"1502","IR191","try",1,1
"1503","IR191","use",1,1
"1504","IR192","broken",1,1
"1505","IR192","scale",1,1
"1506","IR193","beauty",1,1
"1507","IR193","dwell",1,1
"1508","IR193","life",1,1
"1509","IR193","running",1,1
"1510","IR193","see",1,1
"1511","IR193","stars",1,1
"1512","IR193","watch",1,1
"1513","IR194","events",1,1
"1514","IR194","find",1,1
"1515","IR194","mind",1,1
"1516","IR194","outside",1,1
"1517","IR194","power",1,1
"1518","IR194","realize",1,1
"1519","IR194","strength",1,1
"1520","IR194","will",1,1
"1521","IR195","depends",1,1
"1522","IR195","happiness",1,1
"1523","IR195","life",1,1
"1524","IR195","quality",1,1
"1525","IR195","thoughts",1,1
"1526","IR195","upon",1,1
"1527","IR196","everything",2,1
"1528","IR196","fact",1,1
"1529","IR196","hear",1,1
"1530","IR196","opinion",1,1
"1531","IR196","perspective",1,1
"1532","IR196","see",1,1
"1533","IR196","truth",1,1
"1534","IR197","arguing",1,1
"1535","IR197","good",1,1
"1536","IR197","man",1,1
"1537","IR197","one",1,1
"1538","IR197","time",1,1
"1539","IR197","waste",1,1
"1540","IR198","alive",1,1
"1541","IR198","arise",1,1
"1542","IR198","enjoy",1,1
"1543","IR198","love",1,1
"1544","IR198","morning",1,1
"1545","IR198","privilege",1,1
"1546","IR198","think",2,1
"1547","IR199","accept",1,1
"1548","IR199","binds",1,1
"1549","IR199","brings",1,1
"1550","IR199","fate",2,1
"1551","IR199","heart",1,1
"1552","IR199","love",1,1
"1553","IR199","people",1,1
"1554","IR199","things",1,1
"1555","IR199","together",1,1
"1556","IR200","anything",1,1
"1557","IR200","distressed",1,1
"1558","IR200","due",1,1
"1559","IR200","estimate",1,1
"1560","IR200","external",1,1
"1561","IR200","moment",1,1
"1562","IR200","pain",1,1
"1563","IR200","power",1,1
"1564","IR200","revoke",1,1
"1565","IR200","thing",1,1
"1566","IR201","best",1,1
"1567","IR201","injury",1,1
"1568","IR201","performed",1,1
"1569","IR201","revenge",1,1
"1570","IR201","unlike",1,1
"1571","IR202","beginning",1,1
"1572","IR202","death",1,1
"1573","IR202","fear",2,1
"1574","IR202","live",1,1
"1575","IR202","man",1,1
"1576","IR202","never",1,1
"1577","IR203","life",1,1
"1578","IR203","make",1,1
"1579","IR203","thoughts",1,1
"1580","IR204","becomes",1,1
"1581","IR204","colour",1,1
"1582","IR204","dyed",1,1
"1583","IR204","soul",1,1
"1584","IR204","thoughts",1,1
"1585","IR205","able",1,1
"1586","IR205","change",1,1
"1587","IR205","continues",1,1
"1588","IR205","deception",1,1
"1589","IR205","ever",1,1
"1590","IR205","happily",1,1
"1591","IR205","harmed",2,1
"1592","IR205","ignorance",1,1
"1593","IR205","one",1,1
"1594","IR205","person",1,1
"1595","IR205","right",1,1
"1596","IR205","seek",1,1
"1597","IR205","self",1,1
"1598","IR205","show",1,1
"1599","IR205","someone",1,1
"1600","IR205","think",1,1
"1601","IR205","truly",1,1
"1602","IR205","truth",1,1
"1603","IR205","will",1,1
"1604","IR206","right",1,1
"1605","IR206","say",1,1
"1606","IR206","true",1,1
"1607","IR207","arm",1,1
"1608","IR207","disturb",1,1
"1609","IR207","future",1,1
"1610","IR207","let",1,1
"1611","IR207","meet",1,1
"1612","IR207","never",1,1
"1613","IR207","present",1,1
"1614","IR207","reason",1,1
"1615","IR207","today",1,1
"1616","IR207","weapons",1,1
"1617","IR207","will",1,1
"1618","IR208","happy",1,1
"1619","IR208","life",1,1
"1620","IR208","little",1,1
"1621","IR208","make",1,1
"1622","IR208","needed",1,1
"1623","IR208","thinking",1,1
"1624","IR208","way",1,1
"1625","IR208","within",1,1
"1626","IR209","escape",1,1
"1627","IR209","finding",1,1
"1628","IR209","insane",1,1
"1629","IR209","life",1,1
"1630","IR209","majority",1,1
"1631","IR209","object",1,1
"1632","IR209","oneself",1,1
"1633","IR209","ranks",1,1
"1634","IR209","side",1,1
"1635","IR210","every",1,1
"1636","IR210","less",1,1
"1637","IR210","loves",1,1
"1638","IR210","man",1,1
"1639","IR210","men",1,1
"1640","IR210","often",1,1
"1641","IR210","opinion",2,1
"1642","IR210","others",1,1
"1643","IR210","rest",1,1
"1644","IR210","sets",1,1
"1645","IR210","value",1,1
"1646","IR210","wondered",1,1
"1647","IR210","yet",1,1
"1648","IR211","disappears",1,1
"1649","IR211","injury",2,1
"1650","IR211","reject",1,1
"1651","IR211","sense",1,1
"1652","IR212","best",1,1
"1653","IR212","enemy",1,1
"1654","IR212","like",1,1
"1655","IR212","revenge",1,1
"1656","IR213","ask",1,1
"1657","IR213","criticize",1,1
"1658","IR213","fault",2,1
"1659","IR213","find",1,1
"1660","IR213","following",1,1
"1661","IR213","mine",1,1
"1662","IR213","nearly",1,1
"1663","IR213","one",1,1
"1664","IR213","question",1,1
"1665","IR213","resembles",1,1
"1666","IR213","someone",1,1
"1667","IR213","whenever",1,1
"1668","IR214","another",1,1
"1669","IR214","anxiety",1,1
"1670","IR214","blames",1,1
"1671","IR214","criticisms",1,1
"1672","IR214","hates",1,1
"1673","IR214","hold",1,1
"1674","IR214","inside",1,1
"1675","IR214","need",1,1
"1676","IR214","opinion",1,1
"1677","IR214","particular",1,1
"1678","IR214","penetrate",1,1
"1679","IR214","people",2,1
"1680","IR214","racked",1,1
"1681","IR214","realize",1,1
"1682","IR214","see",1,1
"1683","IR214","similar",1,1
"1684","IR214","sort",1,1
"1685","IR214","souls",1,1
"1686","IR214","voice",1,1
"1687","IR214","will",1,1
"1688","IR215","face",1,1
"1689","IR215","first",1,1
"1690","IR215","keep",1,1
"1691","IR215","know",1,1
"1692","IR215","look",1,1
"1693","IR215","rule",1,1
"1694","IR215","second",1,1
"1695","IR215","spirit",1,1
"1696","IR215","things",1,1
"1697","IR215","untroubled",1,1
"1698","IR216","anger",1,1
"1699","IR216","causes",1,1
"1700","IR216","consequences",1,1
"1701","IR216","grievous",1,1
"1702","IR216","much",1,1
"1703","IR217","act",1,1
"1704","IR217","death",1,1
"1705","IR217","going",1,1
"1706","IR217","good",1,1
"1707","IR217","hangs",1,1
"1708","IR217","live",2,1
"1709","IR217","power",1,1
"1710","IR217","ten",1,1
"1711","IR217","thousand",1,1
"1712","IR217","years",1,1
"1713","IR218","begin",1,1
"1714","IR218","day",1,1
"1715","IR218","disloyalty",1,1
"1716","IR218","due",1,1
"1717","IR218","evil",1,1
"1718","IR218","good",1,1
"1719","IR218","ignorance",1,1
"1720","IR218","ill",1,1
"1721","IR218","ingratitude",1,1
"1722","IR218","insolence",1,1
"1723","IR218","interference",1,1
"1724","IR218","meeting",1,1
"1725","IR218","offenders",1,1
"1726","IR218","selfishness",1,1
"1727","IR218","shall",1,1
"1728","IR218","telling",1,1
"1729","IR218","today",1,1
"1730","IR218","will",1,1
"1731","IR219","always",2,1
"1732","IR219","look",2,1
"1733","IR219","source",1,1
"1734","IR219","spring",1,1
"1735","IR219","strength",1,1
"1736","IR219","thou",1,1
"1737","IR219","thyself",1,1
"1738","IR219","well",1,1
"1739","IR219","will",1,1
"1740","IR219","wilt",1,1
"1741","IR220","anything",1,1
"1742","IR220","bear",1,1
"1743","IR220","bitter",1,1
"1744","IR220","feel",1,1
"1745","IR220","fortune",1,1
"1746","IR220","future",1,1
"1747","IR220","good",1,1
"1748","IR220","misfortune",1,1
"1749","IR220","remember",1,1
"1750","IR220","rule",1,1
"1751","IR220","tempts",1,1
"1752","IR220","worthily",1,1
"1753","IR221","gains",1,1
"1754","IR221","holy",1,1
"1755","IR221","just",1,1
"1756","IR221","look",1,1
"1757","IR221","make",1,1
"1758","IR221","much",1,1
"1759","IR221","neighbour",1,1
"1760","IR221","says",1,1
"1761","IR221","see",1,1
"1762","IR221","thinks",1,1
"1763","IR221","time",1,1
"1764","IR222","carrying",1,1
"1765","IR222","corpse",1,1
"1766","IR222","epictetus",1,1
"1767","IR222","little",1,1
"1768","IR222","say",1,1
"1769","IR222","soul",1,1
"1770","IR222","used",1,1
"1771","IR223","frozen",1,1
"1772","IR223","lane",1,1
"1773","IR223","loading",1,1
"1774","IR223","r10",1,1
"1775","IR223","screen",1,1
"1776","IR223","stuck",1,1
"1777","IR224","cash",1,1
"1778","IR224","register",1,1
"1779","IR224","working",1,1
"1780","IR225","lane",2,1
"1781","IR225","thingerjig",1,1
"1782","IR225","won",1,1
"1783","IR226","apple",1,1
"1784","IR226","pay",1,1
"1785","IR226","working",1,1
"1786","IR227","accept",1,1
"1787","IR227","apple",1,1
"1788","IR227","card",1,1
"1789","IR227","credit",1,1
"1790","IR227","pay",1,1
"1791","IR227","register",1,1
"1792","IR227","won",1,1
"1793","IR228","coupon",1,1
"1794","IR228","freezing",1,1
"1795","IR228","keeps",1,1
"1796","IR228","lane",1,1
"1797","IR228","try",1,1
"1798","IR228","use",1,1
"1799","IR229","broken",1,1
"1800","IR229","scale",1,1
"1801","IR230","beauty",1,1
"1802","IR230","dwell",1,1
"1803","IR230","life",1,1
"1804","IR230","running",1,1
"1805","IR230","see",1,1
"1806","IR230","stars",1,1
"1807","IR230","watch",1,1
"1808","IR231","events",1,1
"1809","IR231","find",1,1
"1810","IR231","mind",1,1
"1811","IR231","outside",1,1
"1812","IR231","power",1,1
"1813","IR231","realize",1,1
"1814","IR231","strength",1,1
"1815","IR231","will",1,1
"1816","IR232","depends",1,1
"1817","IR232","happiness",1,1
"1818","IR232","life",1,1
"1819","IR232","quality",1,1
"1820","IR232","thoughts",1,1
"1821","IR232","upon",1,1
"1822","IR233","everything",2,1
"1823","IR233","fact",1,1
"1824","IR233","hear",1,1
"1825","IR233","opinion",1,1
"1826","IR233","perspective",1,1
"1827","IR233","see",1,1
"1828","IR233","truth",1,1
"1829","IR234","arguing",1,1
"1830","IR234","good",1,1
"1831","IR234","man",1,1
"1832","IR234","one",1,1
"1833","IR234","time",1,1
"1834","IR234","waste",1,1
"1835","IR235","alive",1,1
"1836","IR235","arise",1,1
"1837","IR235","enjoy",1,1
"1838","IR235","love",1,1
"1839","IR235","morning",1,1
"1840","IR235","privilege",1,1
"1841","IR235","think",2,1
"1842","IR236","accept",1,1
"1843","IR236","binds",1,1
"1844","IR236","brings",1,1
"1845","IR236","fate",2,1
"1846","IR236","heart",1,1
"1847","IR236","love",1,1
"1848","IR236","people",1,1
"1849","IR236","things",1,1
"1850","IR236","together",1,1
"1851","IR237","anything",1,1
"1852","IR237","distressed",1,1
"1853","IR237","due",1,1
"1854","IR237","estimate",1,1
"1855","IR237","external",1,1
"1856","IR237","moment",1,1
"1857","IR237","pain",1,1
"1858","IR237","power",1,1
"1859","IR237","revoke",1,1
"1860","IR237","thing",1,1
"1861","IR238","best",1,1
"1862","IR238","injury",1,1
"1863","IR238","performed",1,1
"1864","IR238","revenge",1,1
"1865","IR238","unlike",1,1
"1866","IR239","beginning",1,1
"1867","IR239","death",1,1
"1868","IR239","fear",2,1
"1869","IR239","live",1,1
"1870","IR239","man",1,1
"1871","IR239","never",1,1
"1872","IR240","life",1,1
"1873","IR240","make",1,1
"1874","IR240","thoughts",1,1
"1875","IR241","becomes",1,1
"1876","IR241","colour",1,1
"1877","IR241","dyed",1,1
"1878","IR241","soul",1,1
"1879","IR241","thoughts",1,1
"1880","IR242","able",1,1
"1881","IR242","change",1,1
"1882","IR242","continues",1,1
"1883","IR242","deception",1,1
"1884","IR242","ever",1,1
"1885","IR242","happily",1,1
"1886","IR242","harmed",2,1
"1887","IR242","ignorance",1,1
"1888","IR242","one",1,1
"1889","IR242","person",1,1
"1890","IR242","right",1,1
"1891","IR242","seek",1,1
"1892","IR242","self",1,1
"1893","IR242","show",1,1
"1894","IR242","someone",1,1
"1895","IR242","think",1,1
"1896","IR242","truly",1,1
"1897","IR242","truth",1,1
"1898","IR242","will",1,1
"1899","IR243","right",1,1
"1900","IR243","say",1,1
"1901","IR243","true",1,1
"1902","IR244","arm",1,1
"1903","IR244","disturb",1,1
"1904","IR244","future",1,1
"1905","IR244","let",1,1
"1906","IR244","meet",1,1
"1907","IR244","never",1,1
"1908","IR244","present",1,1
"1909","IR244","reason",1,1
"1910","IR244","today",1,1
"1911","IR244","weapons",1,1
"1912","IR244","will",1,1
"1913","IR245","happy",1,1
"1914","IR245","life",1,1
"1915","IR245","little",1,1
"1916","IR245","make",1,1
"1917","IR245","needed",1,1
"1918","IR245","thinking",1,1
"1919","IR245","way",1,1
"1920","IR245","within",1,1
"1921","IR246","escape",1,1
"1922","IR246","finding",1,1
"1923","IR246","insane",1,1
"1924","IR246","life",1,1
"1925","IR246","majority",1,1
"1926","IR246","object",1,1
"1927","IR246","oneself",1,1
"1928","IR246","ranks",1,1
"1929","IR246","side",1,1
"1930","IR247","every",1,1
"1931","IR247","less",1,1
"1932","IR247","loves",1,1
"1933","IR247","man",1,1
"1934","IR247","men",1,1
"1935","IR247","often",1,1
"1936","IR247","opinion",2,1
"1937","IR247","others",1,1
"1938","IR247","rest",1,1
"1939","IR247","sets",1,1
"1940","IR247","value",1,1
"1941","IR247","wondered",1,1
"1942","IR247","yet",1,1
"1943","IR248","disappears",1,1
"1944","IR248","injury",2,1
"1945","IR248","reject",1,1
"1946","IR248","sense",1,1
"1947","IR249","best",1,1
"1948","IR249","enemy",1,1
"1949","IR249","like",1,1
"1950","IR249","revenge",1,1
"1951","IR250","ask",1,1
"1952","IR250","criticize",1,1
"1953","IR250","fault",2,1
"1954","IR250","find",1,1
"1955","IR250","following",1,1
"1956","IR250","mine",1,1
"1957","IR250","nearly",1,1
"1958","IR250","one",1,1
"1959","IR250","question",1,1
"1960","IR250","resembles",1,1
"1961","IR250","someone",1,1
"1962","IR250","whenever",1,1
"1963","IR251","another",1,1
"1964","IR251","anxiety",1,1
"1965","IR251","blames",1,1
"1966","IR251","criticisms",1,1
"1967","IR251","hates",1,1
"1968","IR251","hold",1,1
"1969","IR251","inside",1,1
"1970","IR251","need",1,1
"1971","IR251","opinion",1,1
"1972","IR251","particular",1,1
"1973","IR251","penetrate",1,1
"1974","IR251","people",2,1
"1975","IR251","racked",1,1
"1976","IR251","realize",1,1
"1977","IR251","see",1,1
"1978","IR251","similar",1,1
"1979","IR251","sort",1,1
"1980","IR251","souls",1,1
"1981","IR251","voice",1,1
"1982","IR251","will",1,1
"1983","IR252","face",1,1
"1984","IR252","first",1,1
"1985","IR252","keep",1,1
"1986","IR252","know",1,1
"1987","IR252","look",1,1
"1988","IR252","rule",1,1
"1989","IR252","second",1,1
"1990","IR252","spirit",1,1
"1991","IR252","things",1,1
"1992","IR252","untroubled",1,1
"1993","IR253","anger",1,1
"1994","IR253","causes",1,1
"1995","IR253","consequences",1,1
"1996","IR253","grievous",1,1
"1997","IR253","much",1,1
"1998","IR254","act",1,1
"1999","IR254","death",1,1
"2000","IR254","going",1,1
"2001","IR254","good",1,1
"2002","IR254","hangs",1,1
"2003","IR254","live",2,1
"2004","IR254","power",1,1
"2005","IR254","ten",1,1
"2006","IR254","thousand",1,1
"2007","IR254","years",1,1
"2008","IR255","begin",1,1
"2009","IR255","day",1,1
"2010","IR255","disloyalty",1,1
"2011","IR255","due",1,1
"2012","IR255","evil",1,1
"2013","IR255","good",1,1
"2014","IR255","ignorance",1,1
"2015","IR255","ill",1,1
"2016","IR255","ingratitude",1,1
"2017","IR255","insolence",1,1
"2018","IR255","interference",1,1
"2019","IR255","meeting",1,1
"2020","IR255","offenders",1,1
"2021","IR255","selfishness",1,1
"2022","IR255","shall",1,1
"2023","IR255","telling",1,1
"2024","IR255","today",1,1
"2025","IR255","will",1,1
"2026","IR256","always",2,1
"2027","IR256","look",2,1
"2028","IR256","source",1,1
"2029","IR256","spring",1,1
"2030","IR256","strength",1,1
"2031","IR256","thou",1,1
"2032","IR256","thyself",1,1
"2033","IR256","well",1,1
"2034","IR256","will",1,1
"2035","IR256","wilt",1,1
"2036","IR257","anything",1,1
"2037","IR257","bear",1,1
"2038","IR257","bitter",1,1
"2039","IR257","feel",1,1
"2040","IR257","fortune",1,1
"2041","IR257","future",1,1
"2042","IR257","good",1,1
"2043","IR257","misfortune",1,1
"2044","IR257","remember",1,1
"2045","IR257","rule",1,1
"2046","IR257","tempts",1,1
"2047","IR257","worthily",1,1
"2048","IR258","gains",1,1
"2049","IR258","holy",1,1
"2050","IR258","just",1,1
"2051","IR258","look",1,1
"2052","IR258","make",1,1
"2053","IR258","much",1,1
"2054","IR258","neighbour",1,1
"2055","IR258","says",1,1
"2056","IR258","see",1,1
"2057","IR258","thinks",1,1
"2058","IR258","time",1,1
"2059","IR259","carrying",1,1
"2060","IR259","corpse",1,1
"2061","IR259","epictetus",1,1
"2062","IR259","little",1,1
"2063","IR259","say",1,1
"2064","IR259","soul",1,1
"2065","IR259","used",1,1
"2066","IR260","frozen",1,1
"2067","IR260","lane",1,1
"2068","IR260","loading",1,1
"2069","IR260","r10",1,1
"2070","IR260","screen",1,1
"2071","IR260","stuck",1,1
"2072","IR261","cash",1,1
"2073","IR261","register",1,1
"2074","IR261","working",1,1
"2075","IR262","lane",2,1
"2076","IR262","thingerjig",1,1
"2077","IR262","won",1,1
"2078","IR263","apple",1,1
"2079","IR263","pay",1,1
"2080","IR263","working",1,1
"2081","IR264","accept",1,1
"2082","IR264","apple",1,1
"2083","IR264","card",1,1
"2084","IR264","credit",1,1
"2085","IR264","pay",1,1
"2086","IR264","register",1,1
"2087","IR264","won",1,1
"2088","IR265","coupon",1,1
"2089","IR265","freezing",1,1
"2090","IR265","keeps",1,1
"2091","IR265","lane",1,1
"2092","IR265","try",1,1
"2093","IR265","use",1,1
"2094","IR266","broken",1,1
"2095","IR266","scale",1,1
"2096","IR267","beauty",1,1
"2097","IR267","dwell",1,1
"2098","IR267","life",1,1
"2099","IR267","running",1,1
"2100","IR267","see",1,1
"2101","IR267","stars",1,1
"2102","IR267","watch",1,1
"2103","IR268","events",1,1
"2104","IR268","find",1,1
"2105","IR268","mind",1,1
"2106","IR268","outside",1,1
"2107","IR268","power",1,1
"2108","IR268","realize",1,1
"2109","IR268","strength",1,1
"2110","IR268","will",1,1
"2111","IR269","depends",1,1
"2112","IR269","happiness",1,1
"2113","IR269","life",1,1
"2114","IR269","quality",1,1
"2115","IR269","thoughts",1,1
"2116","IR269","upon",1,1
"2117","IR270","everything",2,1
"2118","IR270","fact",1,1
"2119","IR270","hear",1,1
"2120","IR270","opinion",1,1
"2121","IR270","perspective",1,1
"2122","IR270","see",1,1
"2123","IR270","truth",1,1
"2124","IR271","arguing",1,1
"2125","IR271","good",1,1
"2126","IR271","man",1,1
"2127","IR271","one",1,1
"2128","IR271","time",1,1
"2129","IR271","waste",1,1
"2130","IR272","alive",1,1
"2131","IR272","arise",1,1
"2132","IR272","enjoy",1,1
"2133","IR272","love",1,1
"2134","IR272","morning",1,1
"2135","IR272","privilege",1,1
"2136","IR272","think",2,1
"2137","IR273","accept",1,1
"2138","IR273","binds",1,1
"2139","IR273","brings",1,1
"2140","IR273","fate",2,1
"2141","IR273","heart",1,1
"2142","IR273","love",1,1
"2143","IR273","people",1,1
"2144","IR273","things",1,1
"2145","IR273","together",1,1
"2146","IR274","anything",1,1
"2147","IR274","distressed",1,1
"2148","IR274","due",1,1
"2149","IR274","estimate",1,1
"2150","IR274","external",1,1
"2151","IR274","moment",1,1
"2152","IR274","pain",1,1
"2153","IR274","power",1,1
"2154","IR274","revoke",1,1
"2155","IR274","thing",1,1
"2156","IR275","best",1,1
"2157","IR275","injury",1,1
"2158","IR275","performed",1,1
"2159","IR275","revenge",1,1
"2160","IR275","unlike",1,1
"2161","IR276","beginning",1,1
"2162","IR276","death",1,1
"2163","IR276","fear",2,1
"2164","IR276","live",1,1
"2165","IR276","man",1,1
"2166","IR276","never",1,1
"2167","IR277","life",1,1
"2168","IR277","make",1,1
"2169","IR277","thoughts",1,1
"2170","IR278","becomes",1,1
"2171","IR278","colour",1,1
"2172","IR278","dyed",1,1
"2173","IR278","soul",1,1
"2174","IR278","thoughts",1,1
"2175","IR279","able",1,1
"2176","IR279","change",1,1
"2177","IR279","continues",1,1
"2178","IR279","deception",1,1
"2179","IR279","ever",1,1
"2180","IR279","happily",1,1
"2181","IR279","harmed",2,1
"2182","IR279","ignorance",1,1
"2183","IR279","one",1,1
"2184","IR279","person",1,1
"2185","IR279","right",1,1
"2186","IR279","seek",1,1
"2187","IR279","self",1,1
"2188","IR279","show",1,1
"2189","IR279","someone",1,1
"2190","IR279","think",1,1
"2191","IR279","truly",1,1
"2192","IR279","truth",1,1
"2193","IR279","will",1,1
"2194","IR280","right",1,1
"2195","IR280","say",1,1
"2196","IR280","true",1,1
"2197","IR281","arm",1,1
"2198","IR281","disturb",1,1
"2199","IR281","future",1,1
"2200","IR281","let",1,1
"2201","IR281","meet",1,1
"2202","IR281","never",1,1
"2203","IR281","present",1,1
"2204","IR281","reason",1,1
"2205","IR281","today",1,1
"2206","IR281","weapons",1,1
"2207","IR281","will",1,1
"2208","IR282","happy",1,1
"2209","IR282","life",1,1
"2210","IR282","little",1,1
"2211","IR282","make",1,1
"2212","IR282","needed",1,1
"2213","IR282","thinking",1,1
"2214","IR282","way",1,1
"2215","IR282","within",1,1
"2216","IR283","escape",1,1
"2217","IR283","finding",1,1
"2218","IR283","insane",1,1
"2219","IR283","life",1,1
"2220","IR283","majority",1,1
"2221","IR283","object",1,1
"2222","IR283","oneself",1,1
"2223","IR283","ranks",1,1
"2224","IR283","side",1,1
"2225","IR284","every",1,1
"2226","IR284","less",1,1
"2227","IR284","loves",1,1
"2228","IR284","man",1,1
"2229","IR284","men",1,1
"2230","IR284","often",1,1
"2231","IR284","opinion",2,1
"2232","IR284","others",1,1
"2233","IR284","rest",1,1
"2234","IR284","sets",1,1
"2235","IR284","value",1,1
"2236","IR284","wondered",1,1
"2237","IR284","yet",1,1
"2238","IR285","disappears",1,1
"2239","IR285","injury",2,1
"2240","IR285","reject",1,1
"2241","IR285","sense",1,1
"2242","IR286","best",1,1
"2243","IR286","enemy",1,1
"2244","IR286","like",1,1
"2245","IR286","revenge",1,1
"2246","IR287","ask",1,1
"2247","IR287","criticize",1,1
"2248","IR287","fault",2,1
"2249","IR287","find",1,1
"2250","IR287","following",1,1
"2251","IR287","mine",1,1
"2252","IR287","nearly",1,1
"2253","IR287","one",1,1
"2254","IR287","question",1,1
"2255","IR287","resembles",1,1
"2256","IR287","someone",1,1
"2257","IR287","whenever",1,1
"2258","IR288","another",1,1
"2259","IR288","anxiety",1,1
"2260","IR288","blames",1,1
"2261","IR288","criticisms",1,1
"2262","IR288","hates",1,1
"2263","IR288","hold",1,1
"2264","IR288","inside",1,1
"2265","IR288","need",1,1
"2266","IR288","opinion",1,1
"2267","IR288","particular",1,1
"2268","IR288","penetrate",1,1
"2269","IR288","people",2,1
"2270","IR288","racked",1,1
"2271","IR288","realize",1,1
"2272","IR288","see",1,1
"2273","IR288","similar",1,1
"2274","IR288","sort",1,1
"2275","IR288","souls",1,1
"2276","IR288","voice",1,1
"2277","IR288","will",1,1
"2278","IR289","face",1,1
"2279","IR289","first",1,1
"2280","IR289","keep",1,1
"2281","IR289","know",1,1
"2282","IR289","look",1,1
"2283","IR289","rule",1,1
"2284","IR289","second",1,1
"2285","IR289","spirit",1,1
"2286","IR289","things",1,1
"2287","IR289","untroubled",1,1
"2288","IR290","anger",1,1
"2289","IR290","causes",1,1
"2290","IR290","consequences",1,1
"2291","IR290","grievous",1,1
"2292","IR290","much",1,1
"2293","IR291","act",1,1
"2294","IR291","death",1,1
"2295","IR291","going",1,1
"2296","IR291","good",1,1
"2297","IR291","hangs",1,1
"2298","IR291","live",2,1
"2299","IR291","power",1,1
"2300","IR291","ten",1,1
"2301","IR291","thousand",1,1
"2302","IR291","years",1,1
"2303","IR292","begin",1,1
"2304","IR292","day",1,1
"2305","IR292","disloyalty",1,1
"2306","IR292","due",1,1
"2307","IR292","evil",1,1
"2308","IR292","good",1,1
"2309","IR292","ignorance",1,1
"2310","IR292","ill",1,1
"2311","IR292","ingratitude",1,1
"2312","IR292","insolence",1,1
"2313","IR292","interference",1,1
"2314","IR292","meeting",1,1
"2315","IR292","offenders",1,1
"2316","IR292","selfishness",1,1
"2317","IR292","shall",1,1
"2318","IR292","telling",1,1
"2319","IR292","today",1,1
"2320","IR292","will",1,1
"2321","IR293","always",2,1
"2322","IR293","look",2,1
"2323","IR293","source",1,1
"2324","IR293","spring",1,1
"2325","IR293","strength",1,1
"2326","IR293","thou",1,1
"2327","IR293","thyself",1,1
"2328","IR293","well",1,1
"2329","IR293","will",1,1
"2330","IR293","wilt",1,1
"2331","IR294","anything",1,1
"2332","IR294","bear",1,1
"2333","IR294","bitter",1,1
"2334","IR294","feel",1,1
"2335","IR294","fortune",1,1
"2336","IR294","future",1,1
"2337","IR294","good",1,1
"2338","IR294","misfortune",1,1
"2339","IR294","remember",1,1
"2340","IR294","rule",1,1
"2341","IR294","tempts",1,1
"2342","IR294","worthily",1,1
"2343","IR295","gains",1,1
"2344","IR295","holy",1,1
"2345","IR295","just",1,1
"2346","IR295","look",1,1
"2347","IR295","make",1,1
"2348","IR295","much",1,1
"2349","IR295","neighbour",1,1
"2350","IR295","says",1,1
"2351","IR295","see",1,1
"2352","IR295","thinks",1,1
"2353","IR295","time",1,1
"2354","IR296","carrying",1,1
"2355","IR296","corpse",1,1
"2356","IR296","epictetus",1,1
"2357","IR296","little",1,1
"2358","IR296","say",1,1
"2359","IR296","soul",1,1
"2360","IR296","used",1,1
"2361","IR297","frozen",1,1
"2362","IR297","lane",1,1
"2363","IR297","loading",1,1
"2364","IR297","r10",1,1
"2365","IR297","screen",1,1
"2366","IR297","stuck",1,1
"2367","IR298","cash",1,1
"2368","IR298","register",1,1
"2369","IR298","working",1,1
"2370","IR299","lane",2,1
"2371","IR299","thingerjig",1,1
"2372","IR299","won",1,1
"2373","IR300","apple",1,1
"2374","IR300","pay",1,1
"2375","IR300","working",1,1
